Mixture,B cells naive,B cells memory,Plasma cells,T cells CD8,T cells CD4 naive,T cells CD4 memory resting,T cells CD4 memory activated,T cells follicular helper,T cells regulatory (Tregs),T cells gamma delta,NK cells resting,NK cells activated,Monocytes,Macrophages M0,Macrophages M1,Macrophages M2,Dendritic cells resting,Dendritic cells activated,Mast cells resting,Mast cells activated,Eosinophils,Neutrophils,P-value,Correlation,RMSE
GSM3290067,0.0421618273389523,0,0.0138058485873717,0.118332273623128,0,0.265823387914878,0,0,0,0,0,0.0484503073149923,0.0396139381703304,0,0.0242591213367999,0.196725583067685,0,0.0539952868983093,0.158031999946145,0,0,0.0388004258014088,0,0.254463424532559,0.97779680379948
GSM3290068,0.0978897065916068,0,0.029235575799175,0.109986457479699,0,0.272878843898977,0,0,0,0,0.0169093813769811,0.00310551318934087,0.0438013244357059,0.0316530322649787,0,0.144421730861136,0,0.040980733494012,0.184650243214761,0,0,0.0244874573936267,0,0.280987007353471,0.966746278727175
GSM3290069,0.0471497719010171,0,0.00932075064211417,0.0477934409787875,0,0.116957291270584,0,0,0,0,0.0196564708540167,0.0144302355500848,0.0505377860134195,0.235831259136512,0.00428637970393961,0.211339511736242,0,0.057969035335774,0.165382712467373,0,0,0.0193453544101363,0,0.280124148641337,0.970681762984764
GSM3290070,0.150042402357056,0,0.0742574911007004,0.0771400988625448,0,0.154597888917987,0,0,0,0,0,0.0268173845715372,0.0161475195502797,0.110506356017435,0,0.118771194781233,0,0.0345080453595508,0.186118167513515,0,0,0.0510934509681605,0,0.338411820115575,0.942676762088499
GSM3290071,0.0631996266993636,0,0.0405033449315603,0.0428445133146453,0,0.150424745133823,0,0,0,0,0.00551720945095807,0,0.0169770371210872,0.0740141942216261,0.0145208320451207,0.301576162565865,0,0.0476514477553539,0.203071823154296,0,0,0.0396990636063007,0,0.403097321761393,0.91465162904937
GSM3290072,0.157817335653203,0,0.0216803637893857,0.146079555953454,0,0.100690803710563,0,0,0,0,0.0337218332380746,0,0.0562538923428294,0.00703048894110604,0.0228461600233188,0.242093418238043,0,0.073679076716474,0.0719812511928283,0,0.000656402252852859,0.0654694179478675,0,0.353124678961979,0.935583225349336
GSM3290073,0.0250779998431858,0,0.0129336286954854,0.0342237404250873,0,0.130354456354093,0,0,0,0,0.0149303356200388,0.0109798225526929,0.0734803537394075,0.156730611403711,0,0.181410874174895,0,0.108202093481554,0.195543433780123,0,0,0.0561326499297255,0,0.299724082682622,0.959527163256487
GSM3290074,0.097285592388754,0,0.0147616596660538,0.0254700912576319,0,0.142664187692943,0,0,0,0.0937637507548785,0.001957369959859,0,0.0102701180943294,0.088231613958112,0.0769323408574654,0.169817697312101,0,0.0318520172597353,0.157178176364918,0,0,0.0898153844332182,0,0.431091036563966,0.902082973220051
GSM3290075,0.0778386741350669,0,0.0423498914681412,0.0204224463765521,0,0.179140406151123,0,0,0,0,0.00416163595654064,0,0.013223354073119,0.0533463724396162,0,0.173540080523555,0,0.0764176477166279,0.35624216462088,0,0,0.00331732653877776,0,0.310763684749329,0.958393190167833
GSM3290076,0.0736970174196378,0,0.0454623959474729,0.0128967807436901,0,0.151612167308838,0,0,0,0.0177168117356227,0.0104964401697205,0,0.0226227388150572,0.0890309156157143,0.00866130184721928,0.220774144311595,0,0.11178759387273,0.187150464235763,0,0,0.0480912279769388,0,0.398293831041956,0.916648972945402
GSM3290077,0.0729517734067035,0,0.0348081675925698,0.0332390796768092,0,0.110202568507029,0,0,0,0,0.0296069605186875,0,0.0342122704156329,0.162939459993794,0.0121092440426229,0.142691743299522,0,0.0801396666639549,0.195392333808792,0,0,0.0917067320738827,0,0.315548140854449,0.952124808406191
GSM3290078,0.059927236093847,0,0.11434991582484,0.036094698436523,0,0.154093096926284,0.00277240967986598,0,0,0,0.00512931482867595,0,0.0130066544573883,0.0566916588918315,0.0110455354766383,0.217523585947695,0,0.0477725603790712,0.269344791773878,0,0,0.0122485412834619,0,0.434508941651774,0.90053027337031
GSM3290079,0.10482100033848,0,0.0842003596185456,0.0080085355669176,0,0.142966763588189,0,0,0,0.056474680185415,0.0358706517226651,0,0.0128010728554293,0.0302027135028118,0.0161985578593853,0.228250541314948,0,0.0637908011134084,0.121452264740142,0,0,0.0949620575936634,0,0.382521835284818,0.923083439570342
GSM3290080,0.0986819502174455,0,0.0650778558558996,0.0352939054343198,0,0.157544854495926,0,0,0,0,0.0344142683072348,0,0.0262499645113717,0.140231771004114,0.00728733213517824,0.168473781458785,0,0.0141165965075748,0.196164293552757,0,0,0.056463426519393,0,0.347136100757151,0.938563936350323
GSM3290081,0.112811224785587,0,0.0259903660730096,0.0443950103048274,0,0.145287968363715,0.00243835231470014,0,0,0,0.0369767079490086,0,0.0235470146406288,0.143083471580294,0.00444026482901083,0.187082088437292,0,0.10673307827911,0.0751507395431987,0,0,0.0920637128996182,0,0.256517326841938,0.976376789814008
GSM3290082,0.0835978128695832,0,0.0341240950819097,0.0503289581325365,0,0.122721742246436,0,0,0,0.013086067267253,0.0449371327780871,0,0.0114017532151125,0.127038155004233,0,0.228054700190179,0,0.123138086591389,0.13624924889193,0,0.0108333320546729,0.0144889156766779,0,0.376576654597281,0.925792577068783
GSM3290083,0.0801584366048798,0,0.0158907919212342,0.0475715310280044,0.0858533266458986,0.149302679769899,0.0238961575686458,0,0,0.0338585708866852,0.00120026811373528,0,0.0386225605591126,0,0.0766244633409127,0.216561312359457,0,0.033711505487857,0.0428361595968636,0,0,0.153912236116814,0,0.45355481164041,0.890997345127244
GSM3290084,0.0873241528646255,0,0.0243641684983652,0.040893242701597,0,0.0865907670150832,0,0,0,0,0.0296662337014006,0,0.0120055874671155,0.0670316254357333,0.0048860690732502,0.17623347581969,0,0.158320704848717,0.223721458931722,0,0.0142413866461253,0.0747211269965753,0,0.392499746076199,0.918954365905508
GSM3290085,0.078344643744723,0,0.0229932735721024,0.00337265694408558,0.01538440965123,0.281807516111667,0,0,0,0.0265938971152515,0.0132744309474341,0,0.0589338399207139,0,0.00591398225044055,0.202759974602745,0,0.0276971278468635,0.162981535711834,0,0,0.0999427115809092,0,0.356269156669016,0.934385851370294
GSM3290086,0.129431152262825,0,0.0417956363415185,0.0285019184628276,0,0.155251909503047,0,0,0,0,0.0608189935274456,0,0.0230948483190848,0.110165696130142,0,0.187395556779676,0,0.0610540367773547,0.0452930593622816,0.0168305719532985,0.0160289727003863,0.124337647880113,0,0.223047944952263,0.991078569497297
GSM3290087,0.0528917971736249,0,0.041915055626039,0.0687200394526781,0,0.125163388494279,0.000331866141475898,0,0,0,0.0120349656232209,0,0.00864837589434726,0.0983290322910009,0.0385616243855493,0.183268672134413,0,0.0258145274649315,0.335422315048632,0,0,0.00889834026980835,0,0.374922679653719,0.928257947578469
GSM3290088,0.0153699617841132,0,0.027833886016654,0.0567052473475457,0,0.0899456372878203,0.00287399904251047,0,0,0,0.0236496038037317,0,0.0298127209893801,0.235279371374496,0,0.215154318078899,0,0.0962644899624098,0.0373783243581872,0.032526843673715,0.024356651591683,0.112848944688854,0,0.380492484515228,0.927397696675625
GSM3290089,0.0767694537102763,0,0.0721872916927819,0.0645269126082647,0,0.147787333004058,0.000127646946603104,0,0,0.0357857215021193,0.0114585932579911,0,0.0043833506246246,0.0215120995931691,0.00920604608061682,0.189253771034118,0,0.0706331748900391,0.248587372681266,0,0,0.0477812323740713,0,0.392685898962579,0.918943458141944
GSM3290090,0.0652085505208267,0,0.0337069949839983,0.0291582453277185,0,0.117703324736275,0.0195744534644732,0,0,0,0.0390032762328311,0,0.00183545399854941,0.113498081671918,0.0153599219175844,0.160422162487252,0,0.0165818251645618,0.18397088317463,0,0.0068364624595482,0.197140363859833,0,0.389944452250793,0.920797092323685
GSM3290091,0.0908966856825476,0,0.0549558923068849,0.0276259685978177,0,0.161203486851062,0,0,0,0,0.0275781353846479,0,0.00716995412622039,0.0590262392833619,0,0.167117664577163,0,0.0714258851827304,0.214816701796531,0,0,0.118183386211033,0,0.363599905973878,0.931273665657092
GSM3290092,0.0824994531589691,0,0.0496596340679784,0.0157840342183499,0,0.133350654112709,0.0169940481681402,0,0,0,0.0485948803149177,0,0.0409343793463363,0.0852700375003575,0.013966918526363,0.308020774127826,0,0.00367950261912462,0.0971302004653189,0,0,0.10411548337361,0,0.410357928203113,0.911162646590905
GSM3290093,0.08498194734945,0,0.0421608450048006,0.0256314826967199,0,0.134314245555661,0,0,0,0,0.035825622771981,0,0.0461994173723046,0.106962473610041,0.00513183290084186,0.230546645560423,0,0.0274948063465719,0.154386232472095,0,0.00287967993505002,0.10348476842406,0,0.350954254776059,0.936913667443885
GSM3290094,0.0821248798212187,0,0.0286247243175321,0.0242504452265193,0,0.127410654867591,0,0,0,0,0.019261244592743,0,0,0.0996060568849762,0.00672357777888206,0.235546926429654,0,0.0583563486040081,0.187835366647419,0,0,0.130259774829456,0,0.34760767454074,0.938873421778494
GSM3290095,0.179753362672854,0,0.0500837691075034,0.0220210568864314,0,0.181820194384787,0.00254785077382855,0,0,0.0381525200036107,0.00833354532352979,0,0.0184083281157001,0.00992476207807387,0,0.121259110932151,0,0.0736119183539468,0.193514233349515,0,0.01605488573483,0.0845144622832386,0,0.368377563406498,0.929472421795227
GSM3290096,0.102015036249114,0,0.0870124120604257,0.0304060361005787,0,0.200175387301037,0,0,0,0,0.0209634990412895,0,0.00848739065136778,0.098191073313657,0.0271861170385291,0.135040882832707,0,0.0575422095891664,0.207551853744405,0,0.0118967889730331,0.0135313131046896,0,0.435233564052872,0.900596530485
GSM3290097,0.0745054629064134,0,0.0468717239056567,0.039630856669928,0,0.185318515985973,0,0,0,0,0.0270991221078617,0.00121641691141736,0.0138034257789533,0.0824348496371243,0,0.0957650185936541,0,0.127403599933938,0.158326944544655,0,0.0256870659543539,0.121936997070071,0,0.284656144031718,0.96350203074455
GSM3290098,0.089513115433739,0,0.0305450390088425,0.0151653390565514,0,0.0814648699976111,0,0,0,0,0.0244293140156703,0,0.0465087038724931,0.143858411070092,0,0.0771869013503475,0,0.221166901881089,0.0499469706933886,0,0,0.220214433620176,0,0.461747262068987,0.886400823655612
GSM3290099,0.0978694412016733,0,0.0393702794086799,0.153696988851094,0,0.0944185254921004,0.00381681603151745,0,0,0,0.0999600870614169,0,0.0242177418579619,0.0617985700637393,0.0452584444005848,0.145613811770876,0,0.0466207519298445,0.131436953517895,0,0.00177551594470168,0.054146072467915,0,0.438988057089043,0.898840333577022
GSM3290100,0.075058006466908,0,0.0236172442474032,0.0283039086754973,0,0.0890744970720242,0,0,0,0,0.0309767221621311,0,0.100164497260489,0.0723508150583821,0.00705287122843636,0.269924579127133,0,0.00781203082797281,0.108913887382189,0,0,0.186750940491434,0,0.447053933715394,0.893672404679734
GSM3290101,0.0603322611406542,0,0.0440065518084473,0.0294835107602181,0,0.139804398182747,0,0,0,0,0.0214071200806567,0,0.0989949589745941,0.0804469636166276,0.010725628317295,0.190762112461822,0,0.0568509352858036,0.164468377356879,0,0,0.102717182014256,0,0.42949067120346,0.903096460047906
GSM3290102,0.0731504534811419,0,0.0254955011412465,0.0360763177679782,0,0.113042882277549,0,0,0,0,0.0456454072318346,0,0.0299871222375945,0.0816874278312025,0.0363989941802063,0.196902309550198,0,0.118792053068641,0.124540551340119,0,0,0.118280979892289,0,0.406001384477887,0.913006715815616
GSM3290103,0.116314875964456,0,0.0403581026175371,0.0297168177113617,0,0.18790554612266,0,0,0,0,0.0356308459531739,0,0.0234810352899735,0.0129069462041281,0.00125070001818443,0.249734735623734,0,0.0956251784578583,0.182227064274216,0,0,0.0248481517627168,0,0.301421496032218,0.956096606959123
GSM3290104,0.0685455499104789,0,0.0276463781422149,0.0364592542219748,0,0.172000810029601,0,0,0,0,0.00684978356125978,0,0.01483342116428,0.144510990429409,0.00857165233192411,0.283296552807493,0,0.0429088900399614,0.191661714515012,0,0,0.00271500284639111,0,0.300457541246741,0.959758971133945
GSM3290105,0.074285833393046,0,0.0397579864160138,0.0475933470135254,0,0.21569366975996,0,0,0,0.00244797279270874,0.00570952643910795,0,0.0160962344363638,0.0863048949929549,0.00534936748754863,0.172825702098437,0,0.0223435541120123,0.210673693471004,0,0,0.100918217587319,0,0.30916256798788,0.954555211282476
GSM3290106,0.115446331184945,0,0.0482902179678383,0.0563056799348059,0,0.117573799907427,0,0,0,0,0.0322049776988563,0.000845914425632002,0.0209829620124523,0.0161786349983578,0.00414363262341359,0.266478532355913,0,0.0801618102826744,0.218095569226959,0,0,0.0232919373807252,0,0.388715823380243,0.920679394146813
GSM3290107,0.0915818278883292,0,0.0302581606071736,0.00994276912149307,0,0.159170376332128,0,0,0,0,0.0104536389664941,0.00270655475913548,0.00755536381078792,0.0824427894723961,0.0537791368037172,0.229174597690877,0,0.0362177904813595,0.238621984591752,0,0,0.0480950094743573,0,0.347335314116131,0.938558070049332
GSM3290108,0.131146300411381,0,0.0793089944127348,0.0504407397996533,0,0.19287711287479,0,0,0,0.00759024307580149,0.00468634714695627,0,0.00847047163115349,0.0499405376943686,0.0204637192024598,0.163146477746312,0,0.0392799872166708,0.22986965565059,0,0,0.0227794131371285,0,0.377483410511505,0.925771540549982
GSM3290109,0.0387676371951675,0,0.0113960870101417,0.336715646968242,0,0.0984703879802061,0.0240501971765689,0,0,0.156068975928239,0,0,0,0.0527891872899487,0.0617984236022863,0.123480320431162,0,0,0.0920596965686619,0,0,0.00440343984937499,0,0.431712211081704,0.903539485743581
GSM3290110,0.0638472474603064,0,0.0179140110759837,0.0254090877823339,0,0.0860100886896118,0,0,0,0,0.034721441147102,0,0.0313797048031167,0.110950140054985,0,0.176048168817815,0,0.163735853654776,0.21659443290625,0,0,0.0733898236077205,0,0.412685442765805,0.91015324888869
GSM3290111,0.0389365934584817,0,0.0215524691476117,0.0439069199441474,0,0.280981283786838,0,0,0,0,0.027609192648568,0.0115598480978747,0.0499011818773146,0.117502236155179,0.00911969641799043,0.110666479919548,0,0.0438808804880651,0.159257517499939,0,0,0.0851257005584422,0,0.272584763938464,0.969359903741353
GSM3290112,0.0826384268894265,0,0.064852970556163,0.0320920975736239,0,0.175123436595532,0,0,0,0.0542410639528933,0,0.00255064509521143,0.00813197928316114,0.0958714460420085,0,0.17969163325359,0,0.0804769727323227,0.18847365095679,0,0,0.0358556770692769,0,0.402405407624368,0.91495653375163
GSM3290113,0.140432339405455,0,0.172636733527403,0.148761540700673,0,0.10131315796639,0.015192162814235,0,0,0,0.0161751820341776,0,0.00526595903628516,0.0988197626864302,0.0610484066957941,0.10927067864996,0,0.023927124262504,0.0966329122570057,0,0,0.0105240399636871,0,0.482823974921204,0.87513678900768
GSM3290114,0.0426060446560205,0,0.0819902970121778,0.0546793890835239,0,0.139372809491838,0.00305205608438523,0,0,0,0.0289986027030096,0,0.00767893980068865,0.198337593628504,0.0152288092822613,0.339908746777021,0,0.00228406125286591,0.0468440916476389,0,0,0.0390185585800649,0,0.350035178305536,0.941362915567962
GSM3290115,0.0542553756605933,0,0.0272006038717176,0.0244794906511528,0,0.116441528405439,0.00134224309791647,0,0,0,0.0254536497276531,0,0.0241567727617682,0.112219685642053,0.00107979611985506,0.181342357695377,0,0.0442937507103221,0.331511876888025,0,0.0136987293845695,0.0425241393835571,0,0.30915936847817,0.958339781299836
GSM3290116,0.186003888835406,0,0.0567508238833568,0.0799180444674784,0,0.185437010836166,0,0.0129563000169372,0,0,0,0.0315102943437049,0.00974732677219513,0.0343605369699566,0.0204965611733894,0.11804375029449,0,0.0541223031255095,0.187819620716522,0,0,0.0228335385648878,0,0.333576792211114,0.945286089212466
GSM3290117,0.117029329768848,0,0.02794030390856,0.0138692725553632,0,0.190852504892381,0,0,0,0.00573639035164396,0.00483506231142653,0,0.0593117752558099,0.0452659355403229,0,0.173223272386283,0,0.0434011510863468,0.27336257284541,0,0,0.0451724290976059,0,0.348841166100261,0.938217204577055
GSM3290118,0.075747737079716,0,0.0212955196082497,0.0363497113655388,0,0.0946033204951808,0.00391435855329783,0,0,0,0.031050301815163,0,0.026137088719704,0.306888332871225,0.0116403427970452,0.232812504748122,0.00202811766332213,0,0.0895906578829285,0,0,0.067942006400508,0,0.305257223566683,0.966269254589179
GSM3290119,0.0549992067905723,0,0.00987494402481422,0.0204741174176176,0.0554933063489138,0.159094190748629,0.00662760178954785,0,0,0,0.0582222123502922,0,0.130665394523751,0,0,0.13355312801507,0,0.0102265046802662,0.0971346801860142,0,0,0.263634713124512,0,0.407611786877366,0.91536350845121
GSM3290120,0.0690041275888648,0,0.0488180099130197,0.0220071929460683,0,0.144905773596833,0,0,0,0,0.0183466958201265,0,0.0376916704748653,0.0754825632198381,0.01912683786511,0.180844219604801,0,0.145549563731251,0.209097492560581,0,0.0131758200849554,0.0159500325936861,0,0.407053006665141,0.912936314680317
GSM3290121,0.0799298451604564,0,0.0506372755307151,0.0448434000553586,0,0.137521174044885,0,0,0,0.00823214302832638,0.0439181971065325,0,0.00798679153273647,0.0774647048905876,0.0217079012708804,0.135758958729439,0,0.131553917332811,0.109320294859017,0,0,0.151125396458255,0,0.39739108595408,0.916775997402602
GSM3290122,0.143098877023041,0,0.0457402617279768,0.0540939289389628,0,0.217312615673283,0,0,0,0,0.0455450486093053,0,0.0591687359158594,0.0500758680817773,0,0.149747089883209,0,0.0298564059440552,0.120036886786496,0,0,0.0853242814160351,0,0.275354072909434,0.967754935800222
GSM3290123,0.0550271368030147,0,0.0225924062770183,0.0211482228989588,0,0.115614693183572,0,0,0,0,0.0497804328120846,0,0.114867000280428,0.099158734282319,0,0.165345434946099,0,0.043351292791455,0.017075471315949,0.0288345150024459,0.0135087470582117,0.253695912348444,0,0.430302010599266,0.903990573967969
GSM3290124,0.0733958969627989,0,0.0439421593366569,0.0202532138256027,0,0.0974140549544719,0,0,0,0,0.0348880434312067,0,0.0564363457529698,0.174989429405283,0.0228238934415617,0.196393060165833,0,0,0.116919661906203,0,0,0.162544240817413,0,0.369884903257805,0.931133940238032
GSM3290125,0.143660594045535,0,0.0277776276076489,0.032788800900844,0,0.0934232660670844,0,0,0,0,0.0246648214285418,0,0.0359451914685071,0.174156895895625,0,0.22317885669831,0,0.045507291969226,0.130506720898268,0,0,0.0683899330204089,0,0.301634118131184,0.959480796355348
GSM3290126,0.115226293847327,0,0.0393067259351948,0.032855587967431,0,0.151304832848947,0,0,0,0,0.021022634882159,0,0,0.0537761080179055,0.0511555109106921,0.160535478339727,0,0.0296790155456993,0.276729428314728,0,0,0.0684083833901895,0,0.275235482904052,0.969571250978732
GSM3290127,0.0689235454122488,0,0.0538955265452113,0.0250019550434496,0,0.107623496220764,0,0,0,0,0.0395537376075199,0,0.0400347424186699,0.0406932906224589,0,0.0956544267883208,0,0.20328160206885,0.239806797941716,0,0,0.0855308793307912,0,0.39273274770662,0.918913839982398
GSM3290128,0.104315108005444,0,0.0212241632584268,0.0376333438388911,0,0.159275074086113,0.00266808729776654,0.00144447222473762,0,0.0115459939738055,0,0.0108015090776293,0,0.0126303211980294,0.0138977091202312,0.171709303183168,0,0.0951143834215137,0.333028256040446,0,0.0238568929961983,0.000855382277599934,0,0.503596682042764,0.867025576829759
GSM3290129,0.0727971969739751,0,0.0467696700837927,0.0429545058987539,0,0.124343728384244,0,0,0,0.0105213842394263,0.0269958925058333,0,0.0248226532460621,0.0842956308893921,0.00729126628665849,0.189502924208688,0,0.0990228301673492,0.230250363890463,0,0,0.0404319532253616,0,0.329703990073605,0.945224099705146
GSM3290130,0.0676663574419439,0,0.0258191920448558,0.0368491885540776,0.00268258380092359,0.100361027786896,0.00625519372631211,0,0,0,0.0295663772129449,0,0.0161449150442327,0.0165412661681066,0,0.181637105260378,0,0.157700417200407,0.237644863108111,0,0,0.121131512650811,0,0.41732161789353,0.907994138302272
GSM3290131,0.0273599722916177,0,0.0204117931525065,0.0371365854850165,0.0331141742406506,0.208354878569186,0,0,0,0,0.0459515090846321,0.00421094062023499,0.0278307244338279,0.122656941302115,0,0.145537574851722,0,0.044137550095788,0.164947145612021,0,0,0.118350210260681,0,0.303257377866269,0.957413885494826
GSM3290132,0.0721280303767813,0,0.0309106030188554,0.023418756339484,0,0.114309193559181,0,0,0,0.000984695505366515,0.0545411169316649,0,0.101741799504964,0.0696842003985937,0.00275426915167575,0.112382356901453,0,0.139158993047184,0.0970116162016305,0,0,0.180974369063166,0,0.485163245165673,0.87579117812929
GSM3290133,0.0772855389582815,0,0.0490092669348298,0.0561978134366778,0,0.109939085616265,0.00105104474081947,0,0,0,0.0327659372881133,0,0.0123721709269411,0.200742891252081,0.00217957065087027,0.146204039151434,0,0.0670678537262554,0.163223237379804,0,0,0.0819615499376282,0,0.290483860641794,0.963190380448972
GSM3290134,0.0726142419650165,0,0.0159784137843479,0.0267463979175782,0,0.0839963742849843,0,0,0,0,0.0264617068231932,0,0.148053148599647,0.0880873057835962,0,0.208275679158067,0,0.0425810067903208,0.188948006723077,0,0,0.0982577181701723,0,0.396129557628539,0.917742546615598
GSM3290135,0.0980768255557561,0,0.0300488515578436,0,0,0.138517838320004,0,0,0,0.00911531513724932,0.0284491752726061,0,0,0.050753542399166,0.00175372394605638,0.222521609806352,0,0.0474083294167421,0.212721598591382,0,0.000822282243152419,0.15981090775369,0,0.349311828218168,0.938423098898307
GSM3290136,0.0966629677260583,0,0.0412070978405906,0.0866439979096495,0,0.174536414483123,0,0,0,0,0.0398382720561908,0,0.0306395812681537,0.0438319714637412,0.00817462392608984,0.209941912629289,0,0.037156169903,0.165849201580649,0,0.00949455183714691,0.0560232373763191,0,0.276147812568037,0.965986791328601
GSM3290137,0.134649019494421,0,0.0311423935433306,0.0425367436128788,0,0.153530534583316,0,0,0,0.000559235698622232,0.0179077143903973,0,0.00721957897899649,0.0528373905189411,0.00336723510122784,0.240508973642836,0,0.0102637666120385,0.235799615540964,0,0,0.0696777982820292,0,0.296089227265006,0.960716465430997
GSM3290138,0.0365297977706981,0,0.0233427626748285,0.0320756513994638,0,0.296275862170261,0,0,0,0,0.00193261962472998,0.0510250450634225,0.0422526874959904,0,0.0875156036627753,0.198861363030212,0,0.027804004339379,0.0814732183541916,0,0,0.120911384414047,0,0.331101977930956,0.946474907012835
GSM3290139,0.124895192486028,0,0.0518665026473177,0.0477759303732838,0,0.239103126681337,0.00144130347033869,0,0,0,0,0,0,0.0874582767180818,0.0177803966529463,0.110071669203366,0,0.0714922315029458,0.217083306556447,0,0,0.0310320637079075,0,0.258895912040308,0.975462955311959
GSM3290140,0.0672114050820744,0,0.0497671919467515,0.032818433003101,0,0.145776212803684,0.0127840083354043,0,0,0,0.0136834885181066,0,0.00705739525436099,0.0777555651211188,0.0215469502385959,0.194163153551696,0,0.0278960765419072,0.329018102365957,0,0,0.0205220172372432,0,0.469364013813581,0.883965618399123
GSM3290141,0.134692412344871,0,0.0835663959623425,0.0327529433387475,0,0.163858470462115,0.00583394494647503,0,0,0.000770248993292785,0,0.0147037683918912,0.00892352918859867,0.0368948948557878,0.0223303806831357,0.143380947784504,0,0.0562143073182995,0.262110522153392,0,0.0133116267905244,0.0206556067860236,0,0.412609518673383,0.910247119355733
GSM3290142,0.0867428227472321,0,0.0557020508709449,0.0692073978429466,0,0.15768660778323,0,0,0,0.0134607469351826,0.0443435582375868,0,0.0463234836294936,0.0681129423175242,0,0.161545853745979,0,0.106910950740119,0.0985323882496311,0,0.000210791711734633,0.0912204051883956,0,0.397584533720663,0.916799133994472
GSM3290143,0.0820849096283834,0,0.0210586446185904,0.0273539119816392,0,0.150729022918308,0,0,0,0,0.0149001253621783,0,0.0113191682217788,0.0733330658222772,0.0332950175754888,0.274708079453071,0,0.0891232005969574,0.190397168757351,0,0,0.0316976850639759,0,0.297163828088222,0.95903451209869
GSM3290144,0.130590208059837,0,0.0531839857696002,0.0407507170735737,0,0.114691601170322,0.00110707623288533,0,0,0,0,0,0,0.176808703403256,0.0128966749318077,0.187183483516136,0,0.0130726453969858,0.26254884315872,0,0,0.00716606128687631,0,0.337921358749855,0.945413177209335
GSM3290145,0.0656041433264375,0,0.0224257791135301,0.0203609411834452,0,0.125209421598157,0.0041022730988643,0.00547719633889811,0,0.00125142043401282,0.0257638659817787,0,0.0498363503210022,0.0743639414725891,0.0131378372069722,0.232622202208825,0,0.0721822761475261,0.100447078082496,0,0,0.187215273485466,0,0.457370554245364,0.888855934616597
GSM3290146,0.185972874775123,0,0.0507972944031908,0.0386135343109121,0,0.0850879302773756,0,0.00570263369335327,0,0,0.0147353634946184,0,0.00521864393294114,0.153348390484019,0.00139085967049527,0.205396814120425,0,0.0019844641775221,0.179571400631814,0,0,0.0721797960282111,0,0.364028972107083,0.933004448268527
GSM3290147,0.083491712996514,0,0.0209747253430287,0.0467064062352545,0,0.102699408602872,0,0,0,0,0.0496605917417669,0,0.0801846883905807,0.0351038651839206,0.0326608420389073,0.225428915100841,0,0.0978178675138642,0.113512149995531,0,0,0.111758826856919,0,0.374971960005923,0.926306277519685
GSM3290148,0.110050615587474,0,0.0698572772086942,0.0621790395193359,0,0.148887215555329,0,0,0,0,0.0256981170366464,0.00169249073302713,0.0222630621099442,0.131141534268582,0.002603821614331,0.206484661367368,0,0.0256095975822575,0.173768335235301,0,0,0.0197642321817086,0,0.334153225561206,0.944111517401947
GSM3290149,0.239568299204965,0,0.0351729277818785,0.0576375386954341,0,0.151960665355468,0,0,0,0.0523958757340739,0.0388269418210155,0,0.0165949733695675,0.0362104374473,0.0678535466175524,0.132324416019794,0,0.0608670544055166,0.0880566810675079,0,0,0.022530642479927,0,0.467481156457696,0.884055681415766
GSM3106326,0.138592015436695,0,0.062620841075142,0.015274803802542,0,0.116966437948944,0,0,0,0,0.0242702300282751,0,0.0720979502202959,0.0540102590595819,0,0.156857754009501,0,0.10708089624748,0.14070738086796,0,0.0125473199755712,0.0989741113280124,0,0.351925636406631,0.936110328677179
GSM3106330,0.128576743473332,0,0.035188185777038,0.0155354493284934,0,0.179340722166514,0,0,0,0,0.0389724807991605,0,0,0.0628971861341763,0.0050677725357704,0.2447649273766,0,0.0208241075152378,0.144310539651035,0,0.0172549357805417,0.107266949462101,0,0.31675204976742,0.950956389202383
GSM3106331,0.0677711341761164,0,0.0169280889600493,0,0.0166590885232627,0.263210724488046,0.0134145987519226,0,0,0,0.00584025589318967,0,0.0309407522659096,0.0484351127023882,0,0.161615488334734,0,0.104246809383466,0.141432550304006,0.0216726788093693,0,0.107832717407539,0,0.364144316296097,0.930949761416089
GSM3106336,0.0963165695166423,0,0.045915469567211,0.0199452417065642,0,0.141098305638764,0,0,0,0,0.0325974665092287,0,0.0510557256587774,0.106621813899179,0.000899814129755473,0.19805458710034,0,0.122020116695535,0.0903320333860532,0,0,0.0951428561919499,0,0.382124466491408,0.923354504718611
GSM3106337,0.0949657938072949,0,0.0591395909825484,0.0144999451944217,0,0.167809729496539,0.0157095916889023,0,0,0,0.0370392069116085,0,0.00117853065629653,0.11448376946673,0.0246182520898774,0.166384092171034,0,0.0640512465977585,0.111146101370208,0,0.005299709582601,0.12367443998418,0,0.332935462817341,0.94401921189891
GSM3106339,0.10675738046271,0,0.0223393658524894,0.0344514450659352,0,0.148798958947878,0,0,0,0,0.0313676608420303,0,0.0598101265062276,0.08717265125265,0.0676207109159386,0.13030189350969,0,0.103060675523559,0.0980877557453622,0,0,0.110231375375529,0,0.368439509936495,0.929337897720512
GSM3106341,0.0982924922878511,0,0.0470069564885093,0.0694064211871198,0,0.206156332207141,0,0,0,0,0.0264737010835549,0,0.0284098171801709,0.041791647567455,0.0172886851547609,0.198719956657516,0,0.0658722076123855,0.142460180798337,0,0,0.0581216017751981,0,0.36618727450543,0.92981622789931
GSM3106342,0.0655176775261872,0,0.0466576975407417,0.0268339425854859,0,0.173475365562638,0,0,0,0,0.00673737031513686,0,0.0135656294933912,0.0786462860079459,0.0102084983160653,0.213372524670719,0,0.0165603562066555,0.190280905539691,0,0,0.158143746235342,0,0.42630276152573,0.903843231608145
GSM3106343,0.0846761271373246,0,0.0433434329453165,0.063500663353203,0,0.130332047944,0,0,0,0,0.0239825651866379,0,0.0108460668155054,0.118825108441952,0.0206147890144759,0.258924003108516,0,0,0.193619404575761,0,0,0.0513357914773086,0,0.361031657906153,0.932835031530579
GSM3106344,0.0881588764592707,0,0.0181200594955484,0.103638044256869,0,0.0896768289281249,0,0,0,0,0.0464383676149753,0,0.0390567440366689,0.0762886907223815,0.0229540100747632,0.241396975399519,0,0.0212346689920957,0.179896491281828,0,0,0.0731402427379563,0,0.350775309984501,0.936485408171979
GSM3106345,0.0846904798178338,0,0.0274916099111371,0.0382246647358018,0,0.158607694695645,0,0,0,0.00326824753589855,0.056761841187447,0,0.0626558972417781,0.0507288986381633,0.0209482570400038,0.177876470707571,0,0.095174830609325,0.126666918710396,0,0,0.0969041891689989,0,0.376442090980321,0.925555413669864
GSM3106346,0.0576223865425513,0,0.0125244480491722,0.055468022938835,0,0.18450548742191,0,0,0,0,0.0270400805389725,4.49193588369455e-05,0.0366937270004481,0.12384021996182,0.00318304653881959,0.207013300832575,0,0.0326941690118172,0.160103239846085,0,0,0.0992669519581571,0,0.344252719302276,0.939920780601059
GSM3106347,0.0865197310561284,0,0.0308973721492562,0.065783118131755,0,0.141857973003753,0,0,0,0,0.0370869979798213,0,0.0459510734722075,0.0941710962464764,0.00866611258877492,0.251057866029214,0,0.00723656610863958,0.175032176614308,0,0,0.0557399166196658,0,0.321838717819472,0.948780021360942
GSM3106348,0.0919606840874724,0,0.0532811726285379,0.0272396721234064,0,0.0684400147881518,0,0,0,0,0.0322279139183513,0,0.0166593091502275,0.0971464251559505,0.00757570779600896,0.242115632709134,0,0.0783312139155118,0.145585864955515,0,0.00510666022958209,0.13432972854215,0,0.418199028317934,0.907510600183106
GSM3106349,0.110197961953977,0,0.0535245111890041,0.0728384585681884,0,0.129644717854527,0.00996517308580225,0,0,0,0.0241260104092338,0,0.042872308988955,0.125280565588268,0.000151250281267171,0.143226121026958,0,0.0347155926291394,0.170393123973418,0,0,0.0830642044512619,0,0.435576216361006,0.900496526067827
GSM3106350,0.130727507574727,0,0.0538270484915572,0.0473552239757365,0,0.141163611499756,0,0,0,0,0.0144186881855105,0,0.0102479671929399,0.0647151240755358,0.00649374163000737,0.285523780255881,0,0.0328121703503545,0.139541843738002,0,0,0.0731732930299935,0,0.311068234412921,0.953716151123051
GSM3106351,0.139713511061989,0,0.0568358197861186,0.10305896437994,0,0.134406178067763,0,0,0,0,0.0420404462885619,0.00360168216833026,0.0447652724721583,0.034199243199557,0.0240290788796969,0.246422421382074,0,0.0259896493018823,0.107709618187435,0,0,0.0372281148244928,0,0.425976350418723,0.904579794425825
